Dependents,ApplicantIncome,CoapplicantIncome,LoanAmount,Loan_Amount_Term,Credit_History,Gender_Female,Gender_Male,Married_No,Married_Yes,Education_Graduate,Education_Not Graduate,Self_Employed_No,Self_Employed_Yes,Property_Area_Rural,Property_Area_Semiurban,Property_Area_Urban,Loan_Status_N,Loan_Status_Y
0.5,0.11367541092904583,0.04456659869373762,0.20135363790186125,0.7297297297297298,1.0,0.0,1.0,0.0,1.0,1.0,0.0,1.0,0.0,1.0,0.0,0.0,1.0,0.0
0.0,0.07308254481113932,0.0,0.09644670050761421,0.7297297297297298,1.0,0.0,1.0,0.0,1.0,1.0,0.0,0.0,1.0,0.0,0.0,1.0,0.0,1.0
0.0,0.062389414570351576,0.06968702899193191,0.18781725888324874,0.7297297297297298,1.0,0.0,1.0,0.0,1.0,0.0,1.0,1.0,0.0,0.0,0.0,1.0,0.0,1.0
0.0,0.1500115393491807,0.0,0.2233502538071066,0.7297297297297298,1.0,0.0,1.0,1.0,0.0,1.0,0.0,1.0,0.0,0.0,0.0,1.0,0.0,1.0
1.0,0.13506167141062134,0.12400626533085085,0.4365482233502538,0.7297297297297298,1.0,0.0,1.0,0.0,1.0,1.0,0.0,0.0,1.0,0.0,0.0,1.0,0.0,1.0
0.0,0.05597866502551479,0.044803026273014745,0.1455160744500846,0.7297297297297298,1.0,0.0,1.0,0.0,1.0,0.0,1.0,1.0,0.0,0.0,0.0,1.0,0.0,1.0
1.0,0.09887940097956253,0.045098560747111154,0.26903553299492383,0.7297297297297298,1.0,0.0,1.0,0.0,1.0,1.0,0.0,1.0,0.0,0.0,0.0,1.0,0.0,1.0
0.5,0.3254352898940944,0.3241422111889352,0.5752961082910321,0.7297297297297298,1.0,0.0,1.0,0.0,1.0,1.0,0.0,1.0,0.0,0.0,1.0,0.0,1.0,0.0
1.0,0.07821114444700875,0.020687413186748233,0.10321489001692047,0.7297297297297298,1.0,0.0,1.0,0.0,1.0,1.0,0.0,1.0,0.0,0.0,0.0,1.0,0.0,1.0
1.0,0.07495448367823167,0.23956024470254456,0.32318104906937395,0.7297297297297298,1.0,0.0,1.0,0.0,1.0,1.0,0.0,1.0,0.0,0.0,0.0,1.0,0.0,1.0
0.0,0.043670025899428165,0.08393179064337855,0.17766497461928935,0.7297297297297298,1.0,0.0,1.0,1.0,0.0,1.0,0.0,1.0,0.0,1.0,0.0,0.0,1.0,0.0
1.0,0.02946380490806985,0.0320950438868694,0.01353637901861252,0.1891891891891892,1.0,0.0,1.0,0.0,1.0,1.0,0.0,1.0,0.0,0.0,0.0,1.0,0.0,1.0
0.0,0.12308639126086623,0.0,0.19627749576988157,0.7297297297297298,1.0,0.0,1.0,1.0,0.0,1.0,0.0,1.0,0.0,0.0,0.0,1.0,0.0,1.0
0.0,0.08616047388260636,0.0,0.11336717428087985,0.7297297297297298,0.0,1.0,0.0,1.0,0.0,1.0,0.0,1.0,0.0,0.0,0.0,1.0,1.0,0.0
0.0,0.12147088237556736,0.0,0.2098138747884941,0.7297297297297298,1.0,0.0,1.0,0.0,1.0,0.0,1.0,1.0,0.0,1.0,0.0,0.0,1.0,0.0
0.0,0.19257891632689694,0.0,0.16074450084602368,0.7297297297297298,0.0,0.0,1.0,0.0,1.0,0.0,1.0,1.0,0.0,0.0,0.0,1.0,1.0,0.0
0.5,0.1488576044311101,0.16623814167922688,0.5177664974619288,0.7297297297297298,1.0,0.0,1.0,0.0,1.0,1.0,0.0,1.0,0.0,0.0,0.0,1.0,0.0,1.0
0.0,0.06282534553940047,0.05647663799982268,0.18104906937394247,0.7297297297297298,0.0,0.0,1.0,0.0,1.0,0.0,1.0,1.0,0.0,0.0,1.0,0.0,1.0,0.0
0.0,0.2413006128676565,0.0,0.3079526226734349,0.7297297297297298,1.0,0.0,1.0,0.0,1.0,1.0,0.0,0.0,1.0,0.0,1.0,0.0,0.0,1.0
0.0,0.06792830217709055,0.06658391701391968,0.19120135363790186,0.7297297297297298,1.0,0.0,1.0,0.0,1.0,1.0,0.0,1.0,0.0,0.0,1.0,0.0,0.0,1.0
1.0,0.10452086057901891,0.030735585306025947,0.17089678510998307,0.7297297297297298,1.0,0.0,1.0,0.0,1.0,0.0,1.0,1.0,0.0,0.0,0.0,1.0,0.0,1.0
0.0,0.0331307536477165,0.0,0.043993231810490696,0.7297297297297298,1.0,0.0,1.0,1.0,0.0,0.0,1.0,1.0,0.0,0.0,0.0,1.0,1.0,0.0
0.0,0.07736492550709029,0.0,0.10998307952622673,0.7297297297297298,1.0,0.0,1.0,1.0,0.0,1.0,0.0,1.0,0.0,0.0,0.0,1.0,1.0,0.0
0.5,0.11647049773059467,0.0,0.16412859560067683,0.7297297297297298,1.0,0.0,1.0,1.0,0.0,1.0,0.0,0.0,1.0,1.0,0.0,0.0,1.0,0.0
0.0,0.08590404390081288,0.049265596831870435,0.17766497461928935,0.7297297297297298,1.0,0.0,1.0,0.0,1.0,1.0,0.0,1.0,0.0,0.0,1.0,0.0,0.0,1.0
0.0,0.09018642459676386,0.04311847977066525,0.22842639593908629,0.7297297297297298,1.0,1.0,0.0,0.0,1.0,1.0,0.0,1.0,0.0,0.0,1.0,0.0,0.0,1.0
0.0,0.10298228068825807,0.21308035582350682,0.2961082910321489,0.7297297297297298,1.0,0.0,1.0,1.0,0.0,1.0,0.0,1.0,0.0,0.0,0.0,1.0,0.0,1.0
0.0,0.09226350744929097,0.04929515027928008,0.17089678510998307,0.7297297297297298,1.0,0.0,1.0,1.0,0.0,0.0,1.0,1.0,0.0,0.0,1.0,0.0,0.0,1.0
0.0,0.08846834371874761,0.0,0.12013536379018612,0.7297297297297298,1.0,0.0,1.0,1.0,0.0,1.0,0.0,1.0,0.0,0.0,0.0,1.0,1.0,0.0
0.0,0.04231094699592277,0.03584833170789373,0.06429780033840947,0.7297297297297298,1.0,0.0,1.0,1.0,0.0,1.0,0.0,1.0,0.0,0.0,0.0,1.0,0.0,1.0
0.0,0.09721260609790497,0.06903685314891982,0.21150592216582065,0.7297297297297298,1.0,0.0,1.0,0.0,1.0,1.0,0.0,1.0,0.0,0.0,1.0,0.0,0.0,1.0
0.5,0.14101084698822988,0.0,0.05922165820642978,0.7297297297297298,1.0,0.0,1.0,0.0,1.0,1.0,0.0,1.0,0.0,0.0,0.0,1.0,0.0,1.0
0.0,0.1454214426750776,0.0,0.22842639593908629,0.7297297297297298,1.0,0.0,1.0,0.0,1.0,1.0,0.0,1.0,0.0,0.0,0.0,1.0,0.0,1.0
0.0,0.06397928045747109,0.10166385908916276,0.18781725888324874,0.7297297297297298,0.0,1.0,0.0,0.0,1.0,1.0,0.0,1.0,0.0,0.0,0.0,1.0,1.0,0.0
0.0,0.09872554299048646,0.06723409285693176,0.22842639593908629,0.7297297297297298,1.0,1.0,0.0,1.0,0.0,1.0,0.0,1.0,0.0,0.0,1.0,0.0,0.0,1.0
0.0,0.0455932507628792,0.04858586754144871,0.15397631133671744,0.7297297297297298,1.0,1.0,0.0,0.0,1.0,0.0,1.0,1.0,0.0,0.0,1.0,0.0,0.0,1.0
0.0,0.07528784265456318,0.0,0.18781725888324874,0.7297297297297298,1.0,1.0,0.0,1.0,0.0,1.0,0.0,1.0,0.0,0.0,1.0,0.0,0.0,1.0
0.0,0.1046234325717363,0.0,0.17428087986463622,0.7297297297297298,1.0,1.0,0.0,1.0,0.0,1.0,0.0,1.0,0.0,0.0,1.0,0.0,1.0,0.0
1.0,0.11452162986896429,0.0,0.21150592216582065,0.7297297297297298,1.0,0.0,1.0,0.0,1.0,1.0,0.0,1.0,0.0,0.0,0.0,1.0,1.0,0.0
0.5,0.29104802933558993,0.0,0.4686971235194585,0.7297297297297298,0.0,1.0,0.0,0.0,1.0,1.0,0.0,0.0,1.0,0.0,0.0,1.0,1.0,0.0
1.0,0.06559478934276997,0.03448887312705027,0.14890016920473773,0.7297297297297298,1.0,0.0,1.0,0.0,1.0,1.0,0.0,1.0,0.0,0.0,1.0,0.0,0.0,1.0
0.0,0.05082442239146601,0.047019534828737775,0.14720812182741116,0.7297297297297298,1.0,0.0,1.0,0.0,1.0,1.0,0.0,1.0,0.0,0.0,1.0,0.0,0.0,1.0
0.0,0.08246788214478037,0.06501758430120874,0.2131979695431472,0.7297297297297298,1.0,0.0,1.0,0.0,1.0,1.0,0.0,1.0,0.0,1.0,0.0,0.0,1.0,0.0
0.5,0.20334897556222276,0.06649525667169075,0.2893401015228426,0.7297297297297298,1.0,0.0,1.0,0.0,1.0,1.0,0.0,1.0,0.0,0.0,0.0,1.0,0.0,1.0
1.0,0.08223709516116624,0.08449330614416171,0.22842639593908629,0.7297297297297298,1.0,0.0,1.0,0.0,1.0,0.0,1.0,1.0,0.0,0.0,0.0,1.0,0.0,1.0
0.0,0.06026104572146576,0.11218488636699471,0.18781725888324874,0.7297297297297298,1.0,0.0,1.0,0.0,1.0,1.0,0.0,1.0,0.0,0.0,0.0,1.0,0.0,1.0
0.0,0.06305613252301459,0.10192984011584952,0.2639593908629442,0.32432432432432434,0.0,0.0,1.0,0.0,1.0,0.0,1.0,0.0,1.0,1.0,0.0,0.0,1.0,0.0
0.0,0.10298228068825807,0.0,0.18104906937394247,0.7297297297297298,0.0,1.0,0.0,1.0,0.0,1.0,0.0,1.0,0.0,0.0,1.0,0.0,1.0,0.0
0.0,0.1429853578480396,0.13579809084729733,0.4213197969543147,0.7297297297297298,1.0,0.0,1.0,0.0,1.0,1.0,0.0,1.0,0.0,0.0,1.0,0.0,1.0,0.0
0.0,0.07821114444700875,0.06661347046132932,0.19796954314720813,0.32432432432432434,0.0,0.0,1.0,1.0,0.0,0.0,1.0,1.0,0.0,0.0,0.0,1.0,1.0,0.0
0.5,0.2718157807010796,0.0,0.5126903553299492,0.7297297297297298,1.0,0.0,1.0,0.0,1.0,1.0,0.0,1.0,0.0,0.0,0.0,1.0,0.0,1.0
0.0,0.10641844244429059,0.0,0.21489001692047377,0.7297297297297298,0.0,1.0,0.0,1.0,0.0,1.0,0.0,1.0,0.0,0.0,1.0,0.0,1.0,0.0
0.0,0.07841628843244353,0.09061086975795726,0.27580372250423013,0.7297297297297298,1.0,0.0,1.0,0.0,1.0,1.0,0.0,1.0,0.0,0.0,0.0,1.0,0.0,1.0
1.0,0.044234171859373804,0.05541271389307563,0.14890016920473773,0.7297297297297298,1.0,0.0,1.0,0.0,1.0,0.0,1.0,0.0,1.0,0.0,1.0,0.0,0.0,1.0
0.0,0.08590404390081288,0.0,0.12182741116751268,0.5945945945945945,1.0,0.0,1.0,1.0,0.0,1.0,0.0,1.0,0.0,0.0,1.0,0.0,0.0,1.0
0.0,0.09231479344564968,0.0,0.17597292724196278,1.0,1.0,0.0,1.0,1.0,0.0,1.0,0.0,1.0,0.0,0.0,0.0,1.0,1.0,0.0
0.0,0.09231479344564968,0.1403788751957916,0.2825719120135364,0.7297297297297298,1.0,0.0,1.0,1.0,0.0,1.0,0.0,1.0,0.0,0.0,0.0,1.0,1.0,0.0
0.5,0.021796548452445063,0.08931051807193309,0.17089678510998307,0.7297297297297298,1.0,0.0,1.0,0.0,1.0,1.0,0.0,0.0,1.0,0.0,0.0,1.0,1.0,0.0
0.0,0.094776521270867,0.0,0.17258883248730963,0.7297297297297298,1.0,1.0,0.0,1.0,0.0,1.0,0.0,1.0,0.0,0.0,1.0,0.0,0.0,1.0
1.0,0.031489601764238276,0.05559003457753347,0.2673434856175973,0.7297297297297298,1.0,1.0,0.0,0.0,1.0,1.0,0.0,1.0,0.0,0.0,0.0,1.0,1.0,0.0
0.5,0.09841782701233429,0.0,0.06937394247038917,0.4594594594594595,1.0,0.0,1.0,0.0,1.0,1.0,0.0,1.0,0.0,0.0,0.0,1.0,0.0,1.0
0.0,0.05682488396543324,0.07479977539379969,0.21489001692047377,0.7297297297297298,1.0,0.0,1.0,1.0,0.0,1.0,0.0,1.0,0.0,0.0,1.0,0.0,0.0,1.0
0.0,0.06026104572146576,0.06259420161361823,0.16074450084602368,0.7297297297297298,1.0,0.0,1.0,0.0,1.0,1.0,0.0,1.0,0.0,0.0,1.0,0.0,0.0,1.0
0.0,0.21581147267738546,0.0,0.3401015228426396,0.7297297297297298,1.0,0.0,1.0,1.0,0.0,1.0,0.0,1.0,0.0,0.0,0.0,1.0,0.0,1.0
0.0,0.14219042490447983,0.12314921535597127,0.2808798646362098,0.7297297297297298,1.0,0.0,1.0,0.0,1.0,1.0,0.0,1.0,0.0,0.0,1.0,0.0,0.0,1.0
0.0,0.07200553888760675,0.08570499748795697,0.20642978003384094,0.7297297297297298,1.0,0.0,1.0,0.0,1.0,1.0,0.0,1.0,0.0,0.0,1.0,0.0,0.0,1.0
1.0,0.1564222888940175,0.16709519165410647,0.30287648054145516,0.32432432432432434,1.0,0.0,1.0,0.0,1.0,1.0,0.0,1.0,0.0,0.0,1.0,0.0,0.0,1.0
1.0,0.08008308331410109,0.05378727428554541,0.12182741116751268,0.7297297297297298,1.0,0.0,1.0,0.0,1.0,0.0,1.0,1.0,0.0,0.0,0.0,1.0,0.0,1.0
0.0,0.10213606174833963,0.0,0.19120135363790186,0.7297297297297298,1.0,0.0,1.0,1.0,0.0,1.0,0.0,1.0,0.0,0.0,1.0,0.0,0.0,1.0
0.0,0.08898120368233454,0.0,0.027072758037225045,0.1891891891891892,1.0,0.0,1.0,1.0,0.0,0.0,1.0,1.0,0.0,0.0,1.0,0.0,0.0,1.0
0.0,0.0598507577505962,0.06803203593699206,0.21658206429780033,0.7297297297297298,1.0,1.0,0.0,0.0,1.0,1.0,0.0,1.0,0.0,0.0,1.0,0.0,0.0,1.0
0.0,0.04684975767366721,0.029464787067411412,0.06937394247038917,0.7297297297297298,1.0,0.0,1.0,0.0,1.0,1.0,0.0,1.0,0.0,0.0,1.0,0.0,0.0,1.0
0.0,0.10354642664820371,0.0,0.1793570219966159,0.32432432432432434,1.0,0.0,1.0,0.0,1.0,0.0,1.0,1.0,0.0,0.0,1.0,0.0,0.0,1.0
0.0,0.04125958407056953,0.10464875727753643,0.20642978003384094,0.7297297297297298,1.0,0.0,1.0,0.0,1.0,1.0,0.0,1.0,0.0,0.0,1.0,0.0,0.0,1.0
1.0,0.10611072646613842,0.09643289889765641,0.2098138747884941,0.32432432432432434,1.0,0.0,1.0,0.0,1.0,0.0,1.0,1.0,0.0,0.0,0.0,1.0,0.0,1.0
0.0,0.12034259045567608,0.11248042084109111,0.24027072758037227,0.7297297297297298,1.0,0.0,1.0,1.0,0.0,1.0,0.0,1.0,0.0,0.0,1.0,0.0,0.0,1.0
0.5,0.07441598071646538,0.030440050831929546,0.15397631133671744,0.7297297297297298,1.0,0.0,1.0,0.0,1.0,1.0,0.0,1.0,0.0,0.0,0.0,1.0,0.0,1.0
1.0,0.28891966048670414,0.03327718178325502,0.36548223350253806,0.7297297297297298,1.0,0.0,1.0,0.0,1.0,1.0,0.0,1.0,0.0,0.0,0.0,1.0,0.0,1.0
1.0,0.09359694335461703,0.1063924106747052,0.350253807106599,0.7297297297297298,0.0,0.0,1.0,0.0,1.0,1.0,0.0,1.0,0.0,0.0,0.0,1.0,1.0,0.0
0.0,0.1324717285945073,0.0,0.21489001692047377,0.7297297297297298,1.0,0.0,1.0,1.0,0.0,1.0,0.0,1.0,0.0,0.0,0.0,1.0,0.0,1.0
0.5,0.37010539272251713,0.0,0.29780033840947545,0.32432432432432434,1.0,0.0,1.0,0.0,1.0,1.0,0.0,1.0,0.0,1.0,0.0,0.0,0.0,1.0
0.0,0.07736492550709029,0.06747052043620888,0.24534686971235192,0.7297297297297298,1.0,1.0,0.0,0.0,1.0,1.0,0.0,1.0,0.0,0.0,1.0,0.0,0.0,1.0
0.0,0.13893376413570274,0.0633034843514496,0.2808798646362098,0.7297297297297298,1.0,0.0,1.0,0.0,1.0,1.0,0.0,1.0,0.0,1.0,0.0,0.0,1.0,0.0
0.0,0.26304587532374285,0.0,0.4230118443316413,0.7297297297297298,1.0,1.0,0.0,1.0,0.0,1.0,0.0,1.0,0.0,0.0,0.0,1.0,0.0,1.0
0.0,0.10298228068825807,0.0,0.05922165820642978,0.7297297297297298,1.0,1.0,0.0,1.0,0.0,1.0,0.0,1.0,0.0,0.0,1.0,0.0,0.0,1.0
0.0,0.05095263738236275,0.2653899577385702,0.21658206429780033,0.7297297297297298,0.0,1.0,0.0,1.0,0.0,1.0,0.0,1.0,0.0,0.0,1.0,0.0,0.0,1.0
1.0,0.0719798958894274,0.0,0.12182741116751268,0.7297297297297298,1.0,0.0,1.0,0.0,1.0,1.0,0.0,1.0,0.0,0.0,1.0,0.0,0.0,1.0
0.0,0.10641844244429059,0.059520643083015634,0.3130287648054145,0.7297297297297298,1.0,0.0,1.0,0.0,1.0,0.0,1.0,1.0,0.0,1.0,0.0,0.0,0.0,1.0
0.5,0.26573839013257433,0.11378077252711528,0.25549915397631134,0.32432432432432434,0.0,0.0,1.0,0.0,1.0,1.0,0.0,0.0,1.0,0.0,0.0,1.0,1.0,0.0
0.0,0.04779854860630305,0.057008600053196204,0.10998307952622673,0.7297297297297298,1.0,0.0,1.0,1.0,0.0,1.0,0.0,1.0,0.0,0.0,0.0,1.0,0.0,1.0
0.0,0.06585121932456343,0.0,0.10321489001692047,0.7297297297297298,1.0,0.0,1.0,1.0,0.0,1.0,0.0,1.0,0.0,0.0,1.0,0.0,0.0,1.0
0.0,0.08485268097545966,0.0,0.027072758037225045,0.1891891891891892,1.0,0.0,1.0,0.0,1.0,1.0,0.0,0.0,1.0,0.0,1.0,0.0,0.0,1.0
0.0,0.12167602636100214,0.0,0.15736040609137056,0.7297297297297298,1.0,0.0,1.0,1.0,0.0,1.0,0.0,1.0,0.0,0.0,1.0,0.0,0.0,1.0
0.0,0.11367541092904583,0.0,0.12690355329949238,0.7297297297297298,1.0,1.0,0.0,0.0,1.0,1.0,0.0,1.0,0.0,1.0,0.0,0.0,1.0,0.0
1.0,0.08118573223581302,0.10343706593374118,0.13367174280879865,0.7297297297297298,1.0,0.0,1.0,0.0,1.0,1.0,0.0,0.0,1.0,0.0,0.0,1.0,0.0,1.0
0.0,0.38077287996512554,0.0,0.3942470389170897,0.7297297297297298,0.0,0.0,1.0,1.0,0.0,1.0,0.0,1.0,0.0,0.0,1.0,0.0,1.0,0.0
1.0,0.10385414262635588,0.04226142979578568,0.20304568527918782,0.7297297297297298,1.0,0.0,1.0,0.0,1.0,0.0,1.0,1.0,0.0,1.0,0.0,0.0,1.0,0.0
1.0,0.12544554709336617,0.06155983095428082,0.29780033840947545,0.7297297297297298,1.0,0.0,1.0,0.0,1.0,1.0,0.0,1.0,0.0,1.0,0.0,0.0,1.0,0.0
0.0,0.13506167141062134,0.0,0.26903553299492383,0.7297297297297298,1.0,0.0,1.0,1.0,0.0,1.0,0.0,1.0,0.0,0.0,0.0,1.0,0.0,1.0
0.0,0.17437238761956048,0.0,0.2808798646362098,0.32432432432432434,1.0,0.0,1.0,1.0,0.0,1.0,0.0,0.0,1.0,0.0,1.0,0.0,0.0,1.0
0.0,0.06533835936097648,0.06011171203120844,0.19120135363790186,0.7297297297297298,1.0,0.0,1.0,0.0,1.0,1.0,0.0,1.0,0.0,0.0,1.0,0.0,0.0,1.0
1.0,0.29763827986768215,0.0,0.3011844331641286,0.32432432432432434,1.0,0.0,1.0,0.0,1.0,1.0,0.0,1.0,0.0,0.0,0.0,1.0,0.0,1.0
0.0,0.05590173603097674,0.13257676507964655,0.15397631133671744,0.7297297297297298,1.0,1.0,0.0,0.0,1.0,1.0,0.0,1.0,0.0,0.0,1.0,0.0,0.0,1.0
1.0,0.37736236120727235,0.0,0.10321489001692047,0.7297297297297298,1.0,1.0,0.0,0.0,1.0,1.0,0.0,1.0,0.0,0.0,0.0,1.0,0.0,1.0
0.5,0.03559248147293382,0.042113662558737476,0.03553299492385787,0.7297297297297298,1.0,0.0,1.0,0.0,1.0,1.0,0.0,1.0,0.0,0.0,0.0,1.0,0.0,1.0
0.0,0.25258353206656925,0.0492360433844608,0.36548223350253806,0.7297297297297298,1.0,1.0,0.0,1.0,0.0,1.0,0.0,1.0,0.0,1.0,0.0,0.0,1.0,0.0
0.0,0.12077852142472499,0.02452936135000148,0.19627749576988157,0.7297297297297298,1.0,0.0,1.0,0.0,1.0,1.0,0.0,1.0,0.0,0.0,1.0,0.0,0.0,1.0
0.0,0.15711464984485987,0.0,0.18443316412859562,0.7297297297297298,0.0,0.0,1.0,1.0,0.0,1.0,0.0,1.0,0.0,1.0,0.0,0.0,1.0,0.0
0.0,0.062235556581275484,0.11082542778615126,0.2419627749576988,0.7297297297297298,1.0,0.0,1.0,0.0,1.0,1.0,0.0,0.0,1.0,1.0,0.0,0.0,0.0,1.0
0.0,0.23119727158499373,0.0,0.3976311336717428,0.7297297297297298,1.0,0.0,1.0,1.0,0.0,1.0,0.0,1.0,0.0,0.0,0.0,1.0,1.0,0.0
1.0,0.05464522912018874,0.0,0.17597292724196278,0.7297297297297298,1.0,0.0,1.0,0.0,1.0,0.0,1.0,1.0,0.0,1.0,0.0,0.0,1.0,0.0
0.0,0.07959586634869349,0.0,0.06937394247038917,0.7297297297297298,1.0,0.0,1.0,1.0,0.0,1.0,0.0,1.0,0.0,0.0,0.0,1.0,0.0,1.0
0.5,0.24073646690771086,0.0,0.3011844331641286,0.7297297297297298,1.0,0.0,1.0,0.0,1.0,1.0,0.0,1.0,0.0,0.0,0.0,1.0,0.0,1.0
0.0,0.11367541092904583,0.16623814167922688,0.416243654822335,0.7297297297297298,1.0,0.0,1.0,0.0,1.0,1.0,0.0,1.0,0.0,0.0,1.0,0.0,0.0,1.0
0.0,0.043926455881221634,0.03076513875343559,0.15059221658206431,0.7297297297297298,1.0,0.0,1.0,0.0,1.0,0.0,1.0,1.0,0.0,0.0,1.0,0.0,0.0,1.0
0.0,0.19957945482985873,0.0,0.4500846023688663,0.7297297297297298,1.0,0.0,1.0,0.0,1.0,1.0,0.0,1.0,0.0,0.0,0.0,1.0,1.0,0.0
0.5,0.07536477164910121,0.03782841268433963,0.1895093062605753,0.7297297297297298,0.0,0.0,1.0,0.0,1.0,1.0,0.0,1.0,0.0,0.0,1.0,0.0,1.0,0.0
1.0,0.10300792368643742,0.04276383840174956,0.2521150592216582,0.7297297297297298,1.0,0.0,1.0,0.0,1.0,1.0,0.0,1.0,0.0,1.0,0.0,0.0,0.0,1.0
0.0,0.23522322229915124,0.0,0.11167512690355329,0.32432432432432434,1.0,0.0,1.0,0.0,1.0,1.0,0.0,1.0,0.0,0.0,0.0,1.0,0.0,1.0
0.0,0.11367541092904583,0.0,0.17428087986463622,0.7297297297297298,1.0,1.0,0.0,0.0,1.0,1.0,0.0,1.0,0.0,1.0,0.0,0.0,1.0,0.0
0.0,0.058696822832525586,0.09850164021633123,0.20304568527918782,0.7297297297297298,1.0,0.0,1.0,0.0,1.0,1.0,0.0,1.0,0.0,1.0,0.0,0.0,0.0,1.0
0.0,0.05351693720029746,0.0,0.09137055837563451,1.0,0.0,0.0,1.0,1.0,0.0,1.0,0.0,1.0,0.0,0.0,1.0,0.0,1.0,0.0
1.0,0.20129753570787498,0.0,0.32318104906937395,0.7297297297297298,1.0,0.0,1.0,0.0,1.0,1.0,0.0,1.0,0.0,0.0,1.0,0.0,0.0,1.0
0.0,0.14252378388081136,0.16623814167922688,0.3011844331641286,0.7297297297297298,1.0,0.0,1.0,0.0,1.0,1.0,0.0,1.0,0.0,0.0,1.0,0.0,0.0,1.0
0.0,0.10754673436418187,0.021751337293495286,0.1319796954314721,0.7297297297297298,1.0,0.0,1.0,0.0,1.0,0.0,1.0,0.0,1.0,0.0,1.0,0.0,1.0,0.0
0.0,0.08582711490627484,0.058042970712533615,0.18104906937394247,0.7297297297297298,1.0,0.0,1.0,0.0,1.0,1.0,0.0,1.0,0.0,1.0,0.0,0.0,0.0,1.0
1.0,0.048593481549862816,0.0478470313562077,0.155668358714044,0.7297297297297298,1.0,0.0,1.0,0.0,1.0,1.0,0.0,1.0,0.0,1.0,0.0,0.0,0.0,1.0
0.5,0.09231479344564968,0.0,0.18104906937394247,0.7297297297297298,1.0,0.0,1.0,0.0,1.0,1.0,0.0,1.0,0.0,0.0,1.0,0.0,0.0,1.0
0.0,0.05597866502551479,0.042882052191388124,0.15736040609137056,1.0,0.0,0.0,1.0,1.0,0.0,0.0,1.0,1.0,0.0,0.0,0.0,1.0,1.0,0.0
0.5,0.16026873862091956,0.21426249371989242,0.2893401015228426,0.7297297297297298,0.0,0.0,1.0,0.0,1.0,1.0,0.0,1.0,0.0,0.0,0.0,1.0,1.0,0.0
0.0,0.11411134189809473,0.0,0.10829103214890017,0.32432432432432434,1.0,0.0,1.0,0.0,1.0,1.0,0.0,1.0,0.0,0.0,1.0,0.0,0.0,1.0
0.0,0.08910941867323129,0.0,0.16751269035532995,0.7297297297297298,1.0,1.0,0.0,0.0,1.0,1.0,0.0,1.0,0.0,0.0,1.0,0.0,0.0,1.0
0.5,0.05200400030771598,0.0,0.09644670050761421,0.5945945945945945,0.0,0.0,1.0,0.0,1.0,1.0,0.0,0.0,1.0,1.0,0.0,0.0,1.0,0.0
0.0,0.23535143729004795,0.0,0.30287648054145516,0.32432432432432434,1.0,0.0,1.0,0.0,1.0,1.0,0.0,1.0,0.0,1.0,0.0,0.0,0.0,1.0
0.0,0.12141959637920866,0.0,0.06598984771573603,0.7297297297297298,1.0,0.0,1.0,1.0,0.0,0.0,1.0,1.0,0.0,1.0,0.0,0.0,0.0,1.0
0.0,0.3038695284252635,0.0,0.2622673434856176,0.7297297297297298,1.0,0.0,1.0,1.0,0.0,1.0,0.0,1.0,0.0,0.0,1.0,0.0,1.0,0.0
0.0,0.15085775828909917,0.0,0.25549915397631134,0.7297297297297298,1.0,0.0,1.0,0.0,1.0,0.0,1.0,1.0,0.0,0.0,0.0,1.0,1.0,0.0
0.0,0.09508423724901915,0.0,0.11336717428087985,0.7297297297297298,1.0,0.0,1.0,1.0,0.0,1.0,0.0,1.0,0.0,0.0,1.0,0.0,0.0,1.0
0.0,0.10362335564274175,0.0,0.18781725888324874,0.7297297297297298,1.0,0.0,1.0,1.0,0.0,1.0,0.0,1.0,0.0,1.0,0.0,0.0,0.0,1.0
0.5,0.07628791958355771,0.07633655465910098,0.272419627749577,0.7297297297297298,1.0,0.0,1.0,0.0,1.0,1.0,0.0,1.0,0.0,0.0,1.0,0.0,1.0,0.0
0.0,0.20983665410159758,0.11082542778615126,0.3011844331641286,0.7297297297297298,1.0,0.0,1.0,1.0,0.0,1.0,0.0,1.0,0.0,1.0,0.0,0.0,0.0,1.0
0.0,0.27822653024591637,0.0,0.12521150592216582,0.7297297297297298,1.0,0.0,1.0,1.0,0.0,1.0,0.0,0.0,1.0,0.0,0.0,1.0,1.0,0.0
0.5,0.06282534553940047,0.07388361852410084,0.13705583756345177,0.7297297297297298,1.0,0.0,1.0,0.0,1.0,0.0,1.0,1.0,0.0,0.0,1.0,0.0,0.0,1.0
1.0,0.12239403031002385,0.0,0.2656514382402707,0.7297297297297298,0.0,0.0,1.0,1.0,0.0,1.0,0.0,1.0,0.0,0.0,1.0,0.0,0.0,1.0
0.5,0.08590404390081288,0.032006383544640485,0.2131979695431472,0.7297297297297298,1.0,0.0,1.0,0.0,1.0,0.0,1.0,1.0,0.0,0.0,0.0,1.0,0.0,1.0
1.0,0.09659717414160064,0.0,0.19458544839255498,0.7297297297297298,1.0,0.0,1.0,0.0,1.0,0.0,1.0,1.0,0.0,0.0,1.0,0.0,0.0,1.0
0.0,0.10918788624766008,0.0,0.18781725888324874,0.7297297297297298,1.0,1.0,0.0,1.0,0.0,0.0,1.0,1.0,0.0,0.0,1.0,0.0,0.0,1.0
0.0,0.07933943636690002,0.0,0.12013536379018612,0.7297297297297298,1.0,1.0,0.0,1.0,0.0,1.0,0.0,1.0,0.0,0.0,0.0,1.0,0.0,1.0
0.0,0.09808446803600278,0.07479977539379969,0.07783417935702198,0.7297297297297298,1.0,0.0,1.0,1.0,0.0,0.0,1.0,1.0,0.0,1.0,0.0,0.0,0.0,1.0
0.0,0.05972254275969947,0.0,0.08460236886632826,0.7297297297297298,1.0,0.0,1.0,1.0,0.0,1.0,0.0,1.0,0.0,0.0,0.0,1.0,0.0,1.0
0.0,0.08380131805010642,0.0,0.1996615905245347,0.7297297297297298,1.0,0.0,1.0,1.0,0.0,1.0,0.0,1.0,0.0,0.0,1.0,0.0,1.0,0.0
0.0,0.25258353206656925,0.0,0.34686971235194586,0.7297297297297298,1.0,1.0,0.0,1.0,0.0,1.0,0.0,1.0,0.0,0.0,1.0,0.0,1.0,0.0
0.5,0.19583557709567403,0.0,0.39086294416243655,0.7297297297297298,1.0,0.0,1.0,0.0,1.0,1.0,0.0,0.0,1.0,0.0,0.0,1.0,0.0,1.0
0.0,0.07751878349616638,0.08928096462452345,0.21658206429780033,0.7297297297297298,1.0,0.0,1.0,0.0,1.0,1.0,0.0,1.0,0.0,0.0,0.0,1.0,0.0,1.0
0.0,0.0,0.0531962053373526,0.2131979695431472,0.7297297297297298,1.0,0.0,1.0,0.0,1.0,1.0,0.0,1.0,0.0,1.0,0.0,0.0,1.0,0.0
0.0,0.09172500448752469,0.0524573691521116,0.20642978003384094,0.7297297297297298,1.0,0.0,1.0,0.0,1.0,1.0,0.0,1.0,0.0,0.0,1.0,0.0,0.0,1.0
0.0,0.053106649229427906,0.0,0.08629441624365482,0.7297297297297298,0.0,0.0,1.0,0.0,1.0,1.0,0.0,1.0,0.0,0.0,0.0,1.0,1.0,0.0
1.0,0.09895632997410057,0.050743269202352455,0.18104906937394247,0.7297297297297298,1.0,0.0,1.0,0.0,1.0,1.0,0.0,1.0,0.0,0.0,1.0,0.0,0.0,1.0
0.0,0.07233889786393825,0.08248367172030617,0.22842639593908629,0.7297297297297298,1.0,0.0,1.0,1.0,0.0,1.0,0.0,1.0,0.0,0.0,1.0,0.0,0.0,1.0
0.0,0.1564222888940175,0.0,0.20135363790186125,0.7297297297297298,1.0,0.0,1.0,0.0,1.0,1.0,0.0,1.0,0.0,0.0,1.0,0.0,0.0,1.0
0.0,0.0794932943559761,0.0,0.272419627749577,0.7297297297297298,1.0,0.0,1.0,0.0,1.0,1.0,0.0,1.0,0.0,1.0,0.0,0.0,1.0,0.0
1.0,0.1564222888940175,0.05009309335934037,0.3401015228426396,0.7297297297297298,1.0,0.0,1.0,0.0,1.0,1.0,0.0,1.0,0.0,0.0,1.0,0.0,0.0,1.0
0.0,0.16026873862091956,0.0,0.32318104906937395,0.7297297297297298,1.0,0.0,1.0,1.0,0.0,1.0,0.0,0.0,1.0,1.0,0.0,0.0,0.0,1.0
0.5,0.06003025873785163,0.060702780979401245,0.16074450084602368,0.7297297297297298,1.0,0.0,1.0,0.0,1.0,1.0,0.0,1.0,0.0,0.0,1.0,0.0,0.0,1.0
0.0,0.20983665410159758,0.0,0.45854483925549916,0.7297297297297298,1.0,1.0,0.0,1.0,0.0,1.0,0.0,1.0,0.0,0.0,1.0,0.0,0.0,1.0
0.5,0.07705720952893813,0.05257558294175015,0.22165820642978004,0.7297297297297298,1.0,0.0,1.0,0.0,1.0,1.0,0.0,1.0,0.0,0.0,1.0,0.0,0.0,1.0
0.5,0.13719004025950715,0.03723734373614682,0.272419627749577,0.7297297297297298,1.0,0.0,1.0,0.0,1.0,1.0,0.0,1.0,0.0,1.0,0.0,0.0,0.0,1.0
0.5,0.09390465933276919,0.0,0.17428087986463622,0.7297297297297298,1.0,1.0,0.0,1.0,0.0,1.0,0.0,1.0,0.0,1.0,0.0,0.0,0.0,1.0
0.5,0.08116008923763367,0.0,0.14720812182741116,0.7297297297297298,1.0,0.0,1.0,0.0,1.0,1.0,0.0,1.0,0.0,0.0,1.0,0.0,0.0,1.0
1.0,0.1453701566787189,0.1477672370482017,0.18781725888324874,0.7297297297297298,1.0,0.0,1.0,0.0,1.0,1.0,0.0,1.0,0.0,1.0,0.0,0.0,0.0,1.0
0.5,0.06051747570325923,0.058604486213316785,0.22165820642978004,0.32432432432432434,1.0,0.0,1.0,0.0,1.0,0.0,1.0,1.0,0.0,0.0,0.0,1.0,1.0,0.0
0.0,0.07218503987486218,0.16848420368235956,0.2470389170896785,0.05405405405405406,1.0,0.0,1.0,1.0,0.0,1.0,0.0,1.0,0.0,0.0,0.0,1.0,0.0,1.0
1.0,0.1564222888940175,0.038419481632532435,0.16751269035532995,0.7297297297297298,1.0,0.0,1.0,0.0,1.0,1.0,0.0,0.0,1.0,1.0,0.0,0.0,0.0,1.0
0.0,0.08349360207195426,0.13053757720838136,0.19289340101522842,0.7297297297297298,1.0,0.0,1.0,0.0,1.0,0.0,1.0,1.0,0.0,0.0,1.0,0.0,0.0,1.0
0.0,0.15129368925814807,0.12805508762597156,0.18781725888324874,0.32432432432432434,1.0,0.0,1.0,1.0,0.0,1.0,0.0,0.0,1.0,0.0,0.0,1.0,1.0,0.0
1.0,0.24496756160730312,0.0,0.17428087986463622,0.7297297297297298,1.0,0.0,1.0,0.0,1.0,1.0,0.0,1.0,0.0,0.0,0.0,1.0,0.0,1.0
0.5,0.16560248224222376,0.0,0.21658206429780033,0.32432432432432434,1.0,0.0,1.0,0.0,1.0,0.0,1.0,1.0,0.0,0.0,0.0,1.0,0.0,1.0
0.5,0.07005667102597636,0.054467003575967135,0.19289340101522842,1.0,1.0,0.0,1.0,0.0,1.0,1.0,0.0,1.0,0.0,0.0,1.0,0.0,0.0,1.0
0.0,0.042541733979536894,0.055205839761208145,0.13705583756345177,0.7297297297297298,1.0,0.0,1.0,0.0,1.0,1.0,0.0,1.0,0.0,0.0,0.0,1.0,0.0,1.0
0.0,0.038926071236248944,0.1149629104235009,0.3248730964467005,0.7297297297297298,0.0,0.0,1.0,0.0,1.0,0.0,1.0,1.0,0.0,0.0,1.0,0.0,1.0,0.0
1.0,0.08403210503372055,0.0,0.2182741116751269,0.7297297297297298,1.0,1.0,0.0,1.0,0.0,1.0,0.0,1.0,0.0,0.0,0.0,1.0,1.0,0.0
0.0,0.062389414570351576,0.06404232053669061,0.16074450084602368,0.7297297297297298,1.0,0.0,1.0,1.0,0.0,0.0,1.0,0.0,1.0,1.0,0.0,0.0,0.0,1.0
0.5,0.06438956842834065,0.20985903005585602,0.45685279187817257,0.32432432432432434,1.0,0.0,1.0,0.0,1.0,0.0,1.0,1.0,0.0,0.0,1.0,0.0,0.0,1.0
0.0,0.4128522706874888,0.0,0.3096446700507614,0.7297297297297298,0.0,0.0,1.0,1.0,0.0,1.0,0.0,0.0,1.0,0.0,0.0,1.0,1.0,0.0
0.0,0.15116547426725133,0.0,0.1793570219966159,0.7297297297297298,0.0,0.0,1.0,1.0,0.0,0.0,1.0,1.0,0.0,1.0,0.0,0.0,1.0,0.0
0.0,0.37266969254045185,0.0620622395602447,0.4991539763113367,0.7297297297297298,1.0,0.0,1.0,0.0,1.0,1.0,0.0,1.0,0.0,1.0,0.0,0.0,1.0,0.0
0.0,0.04897812652255302,0.0652835653278955,0.21150592216582065,0.7297297297297298,1.0,0.0,1.0,1.0,0.0,1.0,0.0,1.0,0.0,0.0,1.0,0.0,0.0,1.0
0.5,0.0854168269354053,0.0,0.2470389170896785,0.0,1.0,1.0,0.0,1.0,0.0,1.0,0.0,1.0,0.0,0.0,1.0,0.0,1.0,0.0
0.0,0.18078313716439728,0.0,0.18781725888324874,0.7297297297297298,1.0,1.0,0.0,1.0,0.0,1.0,0.0,1.0,0.0,1.0,0.0,0.0,0.0,1.0
0.0,0.12862527886760522,0.0,0.20135363790186125,0.7297297297297298,1.0,0.0,1.0,1.0,0.0,1.0,0.0,0.0,1.0,0.0,1.0,0.0,0.0,1.0
0.0,0.10116162781752443,0.10187073322103024,0.24027072758037227,0.7297297297297298,1.0,0.0,1.0,1.0,0.0,1.0,0.0,1.0,0.0,1.0,0.0,0.0,0.0,1.0
1.0,0.11688078570146422,0.04099063155717114,0.23857868020304568,0.7297297297297298,1.0,0.0,1.0,0.0,1.0,1.0,0.0,1.0,0.0,0.0,1.0,0.0,0.0,1.0
0.5,0.06990281303690028,0.046103377959038926,0.13705583756345177,0.7297297297297298,1.0,1.0,0.0,1.0,0.0,1.0,0.0,1.0,0.0,0.0,0.0,1.0,0.0,1.0
0.0,0.0791599353796446,0.0,0.03553299492385787,0.7297297297297298,1.0,1.0,0.0,1.0,0.0,1.0,0.0,1.0,0.0,0.0,0.0,1.0,0.0,1.0
0.0,0.28197040798010103,0.0,0.21489001692047377,0.7297297297297298,1.0,0.0,1.0,0.0,1.0,1.0,0.0,1.0,0.0,0.0,0.0,1.0,0.0,1.0
0.0,0.06880016411518836,0.054880751839702105,0.19796954314720813,0.7297297297297298,1.0,0.0,1.0,1.0,0.0,1.0,0.0,1.0,0.0,1.0,0.0,0.0,0.0,1.0
0.0,0.06333820550298741,0.06569731359163046,0.23857868020304568,0.7297297297297298,1.0,0.0,1.0,0.0,1.0,1.0,0.0,1.0,0.0,0.0,1.0,0.0,0.0,1.0
1.0,0.09616124317255174,0.0,0.13705583756345177,0.7297297297297298,1.0,0.0,1.0,0.0,1.0,1.0,0.0,1.0,0.0,0.0,1.0,0.0,0.0,1.0
0.5,0.06667179526630254,0.054437450128557496,0.1793570219966159,0.7297297297297298,1.0,0.0,1.0,0.0,1.0,1.0,0.0,1.0,0.0,0.0,1.0,0.0,0.0,1.0
0.0,0.09854604200323103,0.09675798681916245,0.3350253807106599,0.7297297297297298,1.0,0.0,1.0,0.0,1.0,1.0,0.0,1.0,0.0,0.0,1.0,0.0,0.0,1.0
0.0,0.07572377362361207,0.038419481632532435,0.12013536379018612,0.7297297297297298,1.0,0.0,1.0,0.0,1.0,1.0,0.0,1.0,0.0,0.0,0.0,1.0,0.0,1.0
0.0,0.37010539272251713,0.0,0.7225042301184432,0.7297297297297298,1.0,0.0,1.0,0.0,1.0,1.0,0.0,1.0,0.0,0.0,1.0,0.0,0.0,1.0
0.5,0.10008462189399185,0.07169666341578745,0.2521150592216582,0.7297297297297298,0.0,0.0,1.0,1.0,0.0,0.0,1.0,0.0,1.0,0.0,0.0,1.0,1.0,0.0
0.0,0.09685360412339411,0.02364275792771227,0.17428087986463622,0.7297297297297298,1.0,0.0,1.0,0.0,1.0,1.0,0.0,1.0,0.0,0.0,1.0,0.0,0.0,1.0
1.0,0.05515808908377568,0.029133788095871384,0.116751269035533,0.32432432432432434,1.0,0.0,1.0,0.0,1.0,1.0,0.0,1.0,0.0,0.0,0.0,1.0,0.0,1.0
0.0,0.04259301997589558,0.0492360433844608,0.07614213197969542,0.7297297297297298,1.0,1.0,0.0,1.0,0.0,1.0,0.0,1.0,0.0,0.0,0.0,1.0,0.0,1.0
0.0,0.07713413852347617,0.09022667494163195,0.1353637901861252,0.7297297297297298,1.0,0.0,1.0,1.0,0.0,1.0,0.0,1.0,0.0,1.0,0.0,0.0,0.0,1.0
0.0,0.06282534553940047,0.050743269202352455,0.15228426395939088,0.5945945945945945,1.0,1.0,0.0,1.0,0.0,1.0,0.0,0.0,1.0,0.0,1.0,0.0,1.0,0.0
0.0,0.0911352155293997,0.05910689481928067,0.18781725888324874,0.7297297297297298,1.0,0.0,1.0,0.0,1.0,1.0,0.0,1.0,0.0,1.0,0.0,0.0,0.0,1.0
0.0,0.1019052747647255,0.0,0.1793570219966159,0.7297297297297298,1.0,1.0,0.0,1.0,0.0,1.0,0.0,1.0,0.0,0.0,1.0,0.0,0.0,1.0
0.0,0.23996717696233044,0.0,0.3011844331641286,0.7297297297297298,1.0,0.0,1.0,1.0,0.0,1.0,0.0,1.0,0.0,1.0,0.0,0.0,0.0,1.0
0.0,0.07500576967459036,0.07140112894169105,0.21996615905245348,0.7297297297297298,1.0,0.0,1.0,0.0,1.0,1.0,0.0,1.0,0.0,1.0,0.0,0.0,0.0,1.0
1.0,0.1089827422622253,0.0,0.1996615905245347,0.7297297297297298,0.0,0.0,1.0,0.0,1.0,1.0,0.0,1.0,0.0,0.0,1.0,0.0,1.0,0.0
1.0,0.07700592353257943,0.046103377959038926,0.21150592216582065,0.7297297297297298,1.0,0.0,1.0,0.0,1.0,1.0,0.0,1.0,0.0,0.0,0.0,1.0,0.0,1.0
0.0,0.057260814934482145,0.09853119366374087,0.27580372250423013,0.7297297297297298,1.0,0.0,1.0,0.0,1.0,1.0,0.0,1.0,0.0,0.0,1.0,0.0,0.0,1.0
0.5,0.17244916275610944,0.0,0.32318104906937395,0.7297297297297298,1.0,0.0,1.0,0.0,1.0,1.0,0.0,1.0,0.0,0.0,1.0,0.0,0.0,1.0
0.5,0.11580377977793165,0.0,0.2131979695431472,0.7297297297297298,1.0,1.0,0.0,0.0,1.0,1.0,0.0,1.0,0.0,0.0,0.0,1.0,0.0,1.0
0.0,0.12436854116983359,0.07509530986789609,0.24027072758037227,1.0,1.0,1.0,0.0,1.0,0.0,1.0,0.0,1.0,0.0,1.0,0.0,0.0,1.0,0.0
0.5,0.04779854860630305,0.08644383367319798,0.17597292724196278,0.7297297297297298,1.0,0.0,1.0,0.0,1.0,1.0,0.0,1.0,0.0,0.0,0.0,1.0,1.0,0.0
0.0,0.04231094699592277,0.08670981469988474,0.14213197969543148,0.7297297297297298,0.0,0.0,1.0,0.0,1.0,0.0,1.0,1.0,0.0,0.0,0.0,1.0,1.0,0.0
0.0,0.12436854116983359,0.0,0.20812182741116753,0.7297297297297298,1.0,1.0,0.0,1.0,0.0,1.0,0.0,1.0,0.0,1.0,0.0,0.0,0.0,1.0
0.5,0.03782342231453702,0.053284865679581524,0.14720812182741116,0.7297297297297298,1.0,0.0,1.0,0.0,1.0,1.0,0.0,1.0,0.0,0.0,0.0,1.0,0.0,1.0
0.0,0.09872554299048646,0.07388361852410084,0.22165820642978004,0.7297297297297298,1.0,0.0,1.0,1.0,0.0,1.0,0.0,1.0,0.0,1.0,0.0,0.0,0.0,1.0
0.0,0.09262250942380183,0.0492360433844608,0.2131979695431472,0.7297297297297298,1.0,1.0,0.0,1.0,0.0,1.0,0.0,1.0,0.0,1.0,0.0,0.0,0.0,1.0
0.0,0.05769674590353104,0.055058072524159944,0.16074450084602368,0.7297297297297298,0.0,1.0,0.0,1.0,0.0,1.0,0.0,1.0,0.0,0.0,0.0,1.0,1.0,0.0
0.0,0.07095417596225351,0.0,0.12690355329949238,0.7297297297297298,1.0,1.0,0.0,1.0,0.0,1.0,0.0,1.0,0.0,0.0,1.0,0.0,0.0,1.0
0.0,0.07121060594404698,0.071076041020185,0.17258883248730963,0.7297297297297298,1.0,0.0,1.0,1.0,0.0,0.0,1.0,1.0,0.0,0.0,1.0,0.0,0.0,1.0
0.0,0.06044054670872119,0.0,0.07952622673434856,0.7297297297297298,1.0,1.0,0.0,1.0,0.0,1.0,0.0,1.0,0.0,1.0,0.0,0.0,0.0,1.0
0.5,0.08331410108469883,0.04846765375181015,0.17258883248730963,0.32432432432432434,1.0,0.0,1.0,0.0,1.0,0.0,1.0,1.0,0.0,0.0,0.0,1.0,0.0,1.0
1.0,0.09146857450573122,0.0,0.18781725888324874,0.7297297297297298,1.0,0.0,1.0,0.0,1.0,1.0,0.0,1.0,0.0,0.0,1.0,0.0,0.0,1.0
0.5,0.25258353206656925,0.0,0.2470389170896785,0.7297297297297298,1.0,0.0,1.0,0.0,1.0,1.0,0.0,0.0,1.0,1.0,0.0,0.0,1.0,0.0
0.0,0.05769674590353104,0.06404232053669061,0.1793570219966159,0.7297297297297298,1.0,0.0,1.0,0.0,1.0,1.0,0.0,1.0,0.0,0.0,1.0,0.0,0.0,1.0
0.5,0.21837577249532017,0.1472648284422378,0.6209813874788493,0.7297297297297298,0.0,0.0,1.0,0.0,1.0,1.0,0.0,0.0,1.0,1.0,0.0,0.0,1.0,0.0
0.0,0.12224017232094778,0.0,0.20473773265651438,0.7297297297297298,0.0,0.0,1.0,1.0,0.0,1.0,0.0,1.0,0.0,1.0,0.0,0.0,0.0,1.0
0.0,0.14534451368053955,0.06383544640482312,0.2961082910321489,0.7297297297297298,1.0,0.0,1.0,0.0,1.0,1.0,0.0,0.0,1.0,0.0,1.0,0.0,0.0,1.0
0.0,0.10726466138420905,0.07243549960102846,0.17089678510998307,0.7297297297297298,1.0,1.0,0.0,0.0,1.0,1.0,0.0,1.0,0.0,0.0,0.0,1.0,1.0,0.0
0.0,0.06026104572146576,0.0,0.09813874788494077,0.7297297297297298,1.0,1.0,0.0,1.0,0.0,1.0,0.0,1.0,0.0,0.0,0.0,1.0,0.0,1.0
0.5,0.10857245429135576,0.05298933120548512,0.18274111675126903,0.7297297297297298,1.0,0.0,1.0,1.0,0.0,1.0,0.0,1.0,0.0,0.0,0.0,1.0,0.0,1.0
0.0,0.07141574992948176,0.0,0.15059221658206431,0.7297297297297298,1.0,0.0,1.0,1.0,0.0,1.0,0.0,1.0,0.0,0.0,1.0,0.0,0.0,1.0
1.0,0.06026104572146576,0.13594585808434553,0.2825719120135364,0.7297297297297298,1.0,0.0,1.0,0.0,1.0,1.0,0.0,0.0,1.0,1.0,0.0,0.0,0.0,1.0
0.0,0.10282842269918199,0.0,0.10490693739424703,0.7297297297297298,1.0,1.0,0.0,1.0,0.0,1.0,0.0,1.0,0.0,0.0,1.0,0.0,0.0,1.0
0.0,0.05713259994358541,0.0,0.06260575296108291,0.7297297297297298,1.0,1.0,0.0,1.0,0.0,1.0,0.0,1.0,0.0,1.0,0.0,0.0,1.0,0.0
0.5,0.11293176398184476,0.036321186866447974,0.2521150592216582,0.7297297297297298,1.0,0.0,1.0,0.0,1.0,0.0,1.0,1.0,0.0,0.0,0.0,1.0,0.0,1.0
0.0,0.06023540272328641,0.07264237373289595,0.25549915397631134,0.7297297297297298,1.0,0.0,1.0,0.0,1.0,1.0,0.0,1.0,0.0,0.0,1.0,0.0,0.0,1.0
1.0,0.07521091366002514,0.06407187398410025,0.19796954314720813,0.7297297297297298,1.0,0.0,1.0,0.0,1.0,0.0,1.0,1.0,0.0,0.0,0.0,1.0,0.0,1.0
0.0,0.06346642049388415,0.1847090463102521,0.3011844331641286,0.7297297297297298,1.0,0.0,1.0,0.0,1.0,1.0,0.0,1.0,0.0,1.0,0.0,0.0,0.0,1.0
0.0,0.22906890273610792,0.0,0.37055837563451777,0.7297297297297298,1.0,0.0,1.0,0.0,1.0,1.0,0.0,1.0,0.0,0.0,1.0,0.0,0.0,1.0
0.0,0.22052978434238532,0.12314921535597127,0.5059221658206429,0.7297297297297298,1.0,0.0,1.0,1.0,0.0,1.0,0.0,1.0,0.0,1.0,0.0,0.0,1.0,0.0
0.0,0.13719004025950715,0.0,0.16243654822335027,0.7297297297297298,0.0,1.0,0.0,0.0,1.0,1.0,0.0,0.0,1.0,1.0,0.0,0.0,1.0,0.0
0.0,0.05828653486165603,0.014924490941868368,0.20473773265651438,0.7297297297297298,1.0,1.0,0.0,0.0,1.0,1.0,0.0,1.0,0.0,0.0,1.0,0.0,0.0,1.0
1.0,0.20983665410159758,0.09359576794633094,0.2639593908629442,0.7297297297297298,1.0,0.0,1.0,0.0,1.0,1.0,0.0,1.0,0.0,1.0,0.0,0.0,0.0,1.0
0.5,0.09552016821806807,0.0,0.09813874788494077,0.7297297297297298,1.0,0.0,1.0,0.0,1.0,1.0,0.0,1.0,0.0,0.0,0.0,1.0,1.0,0.0
0.0,0.07308254481113932,0.0492360433844608,0.15397631133671744,1.0,0.0,0.0,1.0,0.0,1.0,0.0,1.0,1.0,0.0,0.0,0.0,1.0,1.0,0.0
0.5,0.11726543067415443,0.0,0.12182741116751268,0.7297297297297298,1.0,1.0,0.0,1.0,0.0,1.0,0.0,1.0,0.0,0.0,1.0,0.0,1.0,0.0
1.0,0.12436854116983359,0.1083724916511511,0.3840947546531303,0.7297297297297298,1.0,0.0,1.0,0.0,1.0,1.0,0.0,1.0,0.0,0.0,1.0,0.0,0.0,1.0
0.0,0.1179577916249968,0.0689481928066909,0.20473773265651438,0.7297297297297298,1.0,0.0,1.0,0.0,1.0,1.0,0.0,1.0,0.0,0.0,0.0,1.0,0.0,1.0
0.0,0.17109008385260405,0.0,0.2233502538071066,0.7297297297297298,1.0,0.0,1.0,1.0,0.0,1.0,0.0,0.0,1.0,1.0,0.0,0.0,0.0,1.0
0.0,0.1555504269559197,0.0,0.2098138747884941,0.7297297297297298,1.0,0.0,1.0,1.0,0.0,0.0,1.0,1.0,0.0,1.0,0.0,0.0,1.0,0.0
0.0,0.06026104572146576,0.0,0.14720812182741116,1.0,1.0,0.0,1.0,1.0,0.0,1.0,0.0,1.0,0.0,0.0,1.0,0.0,1.0,0.0
0.5,0.15834551375746853,0.0,0.2808798646362098,0.7297297297297298,1.0,0.0,1.0,0.0,1.0,1.0,0.0,1.0,0.0,0.0,1.0,0.0,0.0,1.0
0.0,0.40026155858142937,0.0,0.07783417935702198,0.7297297297297298,1.0,1.0,0.0,1.0,0.0,1.0,0.0,0.0,1.0,0.0,1.0,0.0,0.0,1.0
1.0,0.1291124958330128,0.0,0.2470389170896785,0.7297297297297298,1.0,0.0,1.0,0.0,1.0,1.0,0.0,1.0,0.0,0.0,1.0,0.0,0.0,1.0
1.0,0.23522322229915124,0.23267429145609836,0.6277495769881556,0.5945945945945945,1.0,0.0,1.0,0.0,1.0,1.0,0.0,0.0,1.0,1.0,0.0,0.0,0.0,1.0
0.5,0.07467241069825885,0.05872270000295535,0.17258883248730963,0.32432432432432434,0.0,0.0,1.0,1.0,0.0,1.0,0.0,1.0,0.0,0.0,0.0,1.0,1.0,0.0
0.0,0.11967587250301306,0.02727783195909803,0.18781725888324874,0.32432432432432434,1.0,0.0,1.0,0.0,1.0,1.0,0.0,1.0,0.0,0.0,0.0,1.0,0.0,1.0
0.0,0.07485191168551428,0.0,0.10490693739424703,1.0,1.0,0.0,1.0,1.0,0.0,1.0,0.0,1.0,0.0,0.0,0.0,1.0,1.0,0.0
1.0,0.13439495345795832,0.0,0.20473773265651438,0.7297297297297298,1.0,0.0,1.0,0.0,1.0,1.0,0.0,1.0,0.0,0.0,0.0,1.0,0.0,1.0
0.0,0.14849860245659924,0.1250701894375979,0.4856175972927242,0.7297297297297298,1.0,0.0,1.0,1.0,0.0,1.0,0.0,1.0,0.0,0.0,1.0,0.0,0.0,1.0
0.0,0.1500115393491807,0.0,0.2487309644670051,0.7297297297297298,1.0,1.0,0.0,1.0,0.0,1.0,0.0,1.0,0.0,0.0,0.0,1.0,0.0,1.0
0.0,0.17993691822447883,0.0,0.20135363790186125,0.7297297297297298,1.0,0.0,1.0,1.0,0.0,1.0,0.0,0.0,1.0,0.0,0.0,1.0,0.0,1.0
1.0,0.11323947995999693,0.0,0.15397631133671744,0.7297297297297298,1.0,0.0,1.0,0.0,1.0,1.0,0.0,1.0,0.0,0.0,0.0,1.0,1.0,0.0
0.0,0.0563120240018463,0.04728551585542454,0.20812182741116753,0.7297297297297298,1.0,0.0,1.0,1.0,0.0,0.0,1.0,1.0,0.0,0.0,1.0,0.0,0.0,1.0
0.0,0.05597866502551479,0.07143068238910069,0.21489001692047377,0.7297297297297298,1.0,0.0,1.0,0.0,1.0,1.0,0.0,1.0,0.0,0.0,0.0,1.0,0.0,1.0
0.0,0.136882324281355,0.0,0.19627749576988157,0.7297297297297298,1.0,0.0,1.0,0.0,1.0,1.0,0.0,1.0,0.0,1.0,0.0,0.0,0.0,1.0
1.0,0.047260045644536765,0.04802435204066555,0.17597292724196278,0.32432432432432434,1.0,0.0,1.0,0.0,1.0,0.0,1.0,1.0,0.0,0.0,1.0,0.0,0.0,1.0
1.0,0.07564684462907403,0.041374826373496466,0.17597292724196278,0.7297297297297298,1.0,0.0,1.0,0.0,1.0,1.0,0.0,1.0,0.0,0.0,0.0,1.0,0.0,1.0
0.0,0.07769828448342181,0.0,0.10490693739424703,0.7297297297297298,0.0,1.0,0.0,1.0,0.0,1.0,0.0,1.0,0.0,0.0,0.0,1.0,1.0,0.0
0.0,0.07392876375105778,0.04311847977066525,0.1455160744500846,0.7297297297297298,1.0,0.0,1.0,0.0,1.0,1.0,0.0,1.0,0.0,0.0,0.0,1.0,0.0,1.0
0.0,0.09621252916891043,0.0492360433844608,0.1692047377326565,0.7297297297297298,1.0,0.0,1.0,1.0,0.0,0.0,1.0,1.0,0.0,1.0,0.0,0.0,0.0,1.0
0.0,0.03461804754211863,0.0531962053373526,0.15905245346869712,0.7297297297297298,0.0,1.0,0.0,1.0,0.0,1.0,0.0,1.0,0.0,0.0,1.0,0.0,1.0,0.0
1.0,0.07023617201323179,0.0,0.06091370558375634,0.32432432432432434,0.0,0.0,1.0,0.0,1.0,0.0,1.0,1.0,0.0,0.0,0.0,1.0,1.0,0.0
0.0,0.06680001025719928,0.0,0.09475465313028764,0.5945945945945945,1.0,0.0,1.0,1.0,0.0,0.0,1.0,1.0,0.0,1.0,0.0,0.0,1.0,0.0
0.0,0.06026104572146576,0.5910689481928068,0.15905245346869712,0.7297297297297298,1.0,0.0,1.0,1.0,0.0,1.0,0.0,1.0,0.0,0.0,1.0,0.0,0.0,1.0
0.0,0.046490755699156346,0.0,0.07445008460236886,0.7297297297297298,1.0,1.0,0.0,1.0,0.0,0.0,1.0,1.0,0.0,0.0,1.0,0.0,0.0,1.0
0.0,0.18696309972561992,0.0,0.3130287648054145,0.7297297297297298,1.0,1.0,0.0,1.0,0.0,1.0,0.0,0.0,1.0,1.0,0.0,0.0,1.0,0.0
0.0,0.11275226299458933,0.0,0.1793570219966159,0.7297297297297298,1.0,1.0,0.0,1.0,0.0,1.0,0.0,1.0,0.0,0.0,1.0,0.0,0.0,1.0
0.0,0.05172192732774317,0.0709282737831368,0.1793570219966159,0.7297297297297298,1.0,0.0,1.0,0.0,1.0,0.0,1.0,1.0,0.0,0.0,0.0,1.0,0.0,1.0
0.0,0.05290150524399313,0.0,0.09644670050761421,0.7297297297297298,1.0,1.0,0.0,1.0,0.0,0.0,1.0,1.0,0.0,1.0,0.0,0.0,0.0,1.0
0.5,0.20899043516167912,0.0,0.2419627749576988,0.5945945945945945,0.0,0.0,1.0,0.0,1.0,1.0,0.0,1.0,0.0,0.0,1.0,0.0,1.0,0.0
0.5,0.09531502423263329,0.0,0.08967851099830794,0.7297297297297298,1.0,1.0,0.0,1.0,0.0,0.0,1.0,0.0,1.0,0.0,1.0,0.0,1.0,0.0
0.0,0.15247326717439805,0.0,0.3536379018612521,0.7297297297297298,0.0,0.0,1.0,0.0,1.0,0.0,1.0,1.0,0.0,1.0,0.0,0.0,1.0,0.0
0.0,0.05392722517116701,0.060082158583798805,0.17089678510998307,0.7297297297297298,1.0,0.0,1.0,0.0,1.0,0.0,1.0,1.0,0.0,1.0,0.0,0.0,0.0,1.0
0.0,0.05126035336051492,0.09566450926500576,0.2859560067681895,0.7297297297297298,0.0,1.0,0.0,0.0,1.0,0.0,1.0,1.0,0.0,0.0,1.0,0.0,1.0,0.0
0.0,0.0729543298202426,0.0,0.08629441624365482,0.7297297297297298,1.0,1.0,0.0,1.0,0.0,1.0,0.0,1.0,0.0,0.0,0.0,1.0,0.0,1.0
0.5,0.06282534553940047,0.0,0.25549915397631134,0.7297297297297298,1.0,1.0,0.0,1.0,0.0,1.0,0.0,1.0,0.0,0.0,0.0,1.0,1.0,0.0
1.0,0.03718234736005334,0.5910689481928068,0.38917089678510997,0.7297297297297298,1.0,0.0,1.0,0.0,1.0,1.0,0.0,0.0,1.0,0.0,0.0,1.0,1.0,0.0
0.0,0.02243762340692874,0.08195170966693265,0.17428087986463622,0.7297297297297298,1.0,0.0,1.0,0.0,1.0,1.0,0.0,1.0,0.0,1.0,0.0,0.0,0.0,1.0
0.0,0.07939072236325871,0.04187723497946035,0.2182741116751269,0.7297297297297298,1.0,0.0,1.0,0.0,1.0,1.0,0.0,1.0,0.0,0.0,1.0,0.0,0.0,1.0
0.0,0.14562658666051234,0.0,0.2182741116751269,0.7297297297297298,1.0,0.0,1.0,0.0,1.0,1.0,0.0,1.0,0.0,1.0,0.0,0.0,0.0,1.0
0.0,0.04282380695950971,0.05080237609717174,0.15397631133671744,0.7297297297297298,1.0,0.0,1.0,0.0,1.0,1.0,0.0,1.0,0.0,0.0,0.0,1.0,0.0,1.0
0.0,0.37772136318178323,0.0,0.14720812182741116,0.7297297297297298,1.0,0.0,1.0,0.0,1.0,1.0,0.0,1.0,0.0,0.0,1.0,0.0,0.0,1.0
0.0,0.06451778341923738,0.12707982386145344,0.1895093062605753,0.7297297297297298,1.0,0.0,1.0,0.0,1.0,1.0,0.0,1.0,0.0,1.0,0.0,0.0,0.0,1.0
0.5,0.11426519988717082,0.0,0.12182741116751268,0.7297297297297298,1.0,1.0,0.0,1.0,0.0,0.0,1.0,1.0,0.0,1.0,0.0,0.0,1.0,0.0
1.0,0.14834474446752316,0.0,0.2098138747884941,0.7297297297297298,1.0,0.0,1.0,0.0,1.0,1.0,0.0,1.0,0.0,0.0,1.0,0.0,0.0,1.0
0.0,0.07103110495679155,0.000476401597068298,0.1319796954314721,0.7297297297297298,1.0,0.0,1.0,0.0,1.0,1.0,0.0,1.0,0.0,1.0,0.0,0.0,0.0,1.0
0.0,0.06582557632638408,0.0,0.08629441624365482,0.32432432432432434,1.0,0.0,1.0,1.0,0.0,0.0,1.0,1.0,0.0,0.0,0.0,1.0,0.0,1.0
0.5,0.2172987665717876,0.0,0.23857868020304568,0.7297297297297298,1.0,1.0,0.0,1.0,0.0,1.0,0.0,0.0,1.0,0.0,1.0,0.0,0.0,1.0
0.0,0.16283303843885427,0.0,0.16243654822335027,0.7297297297297298,0.0,0.0,1.0,1.0,0.0,1.0,0.0,1.0,0.0,1.0,0.0,0.0,1.0,0.0
0.0,0.05833782085801472,0.06915506693855838,0.22673434856175972,0.7297297297297298,1.0,0.0,1.0,0.0,1.0,1.0,0.0,1.0,0.0,0.0,1.0,0.0,0.0,1.0
0.0,0.09231479344564968,0.0,0.15397631133671744,0.7297297297297298,1.0,0.0,1.0,1.0,0.0,1.0,0.0,1.0,0.0,0.0,0.0,1.0,0.0,1.0
0.0,0.045541964766520504,0.05470343115524426,0.06937394247038917,0.7297297297297298,1.0,0.0,1.0,1.0,0.0,1.0,0.0,1.0,0.0,0.0,1.0,0.0,0.0,1.0
0.0,0.26325101930917766,0.0,0.3011844331641286,0.7297297297297298,0.0,0.0,1.0,1.0,0.0,1.0,0.0,0.0,1.0,0.0,0.0,1.0,1.0,0.0
0.0,0.17929584326999515,0.0,0.2182741116751269,0.7297297297297298,1.0,1.0,0.0,0.0,1.0,0.0,1.0,0.0,1.0,1.0,0.0,0.0,0.0,1.0
0.0,0.09000692360950843,0.14965865768241865,0.3011844331641286,0.7297297297297298,1.0,0.0,1.0,1.0,0.0,1.0,0.0,1.0,0.0,0.0,1.0,0.0,0.0,1.0
0.0,0.1987588788881196,0.054171469101870734,0.2893401015228426,0.7297297297297298,1.0,0.0,1.0,0.0,1.0,1.0,0.0,1.0,0.0,1.0,0.0,0.0,0.0,1.0
0.5,0.08503218196271509,0.035759671365664804,0.20473773265651438,0.7297297297297298,1.0,0.0,1.0,0.0,1.0,1.0,0.0,0.0,1.0,1.0,0.0,0.0,0.0,1.0
1.0,0.11544477780342079,0.0,0.17089678510998307,0.7297297297297298,1.0,0.0,1.0,0.0,1.0,0.0,1.0,1.0,0.0,1.0,0.0,0.0,0.0,1.0
1.0,0.08180116419211735,0.05053639507048497,0.23857868020304568,0.7297297297297298,0.0,0.0,1.0,0.0,1.0,1.0,0.0,1.0,0.0,1.0,0.0,0.0,1.0,0.0
1.0,0.055363233069210455,0.03708957649909862,0.19627749576988157,0.7297297297297298,0.0,0.0,1.0,0.0,1.0,0.0,1.0,1.0,0.0,1.0,0.0,0.0,1.0,0.0
0.0,0.0973921070851604,0.0512161243609067,0.23688663282571915,0.7297297297297298,0.0,0.0,1.0,0.0,1.0,1.0,0.0,1.0,0.0,1.0,0.0,0.0,1.0,0.0
0.0,0.059825114752416864,0.07287880131217307,0.13705583756345177,0.32432432432432434,0.0,0.0,1.0,0.0,1.0,1.0,0.0,1.0,0.0,1.0,0.0,0.0,0.0,1.0
0.0,0.17783419237377235,0.0,0.12690355329949238,0.7297297297297298,1.0,0.0,1.0,1.0,0.0,1.0,0.0,0.0,1.0,0.0,1.0,0.0,0.0,1.0
1.0,0.0951098802471985,0.0,0.14720812182741116,0.7297297297297298,1.0,0.0,1.0,0.0,1.0,1.0,0.0,1.0,0.0,0.0,1.0,0.0,0.0,1.0
0.0,0.10644408544246994,0.0,0.18443316412859562,0.7297297297297298,1.0,0.0,1.0,0.0,1.0,1.0,0.0,1.0,0.0,0.0,0.0,1.0,0.0,1.0
0.0,0.09123778752211709,0.07592280639536603,0.27749576988155666,0.7297297297297298,1.0,0.0,1.0,0.0,1.0,1.0,0.0,1.0,0.0,0.0,0.0,1.0,1.0,0.0
1.0,0.10780316434597534,0.0,0.21489001692047377,0.7297297297297298,1.0,0.0,1.0,1.0,0.0,1.0,0.0,1.0,0.0,1.0,0.0,0.0,0.0,1.0
0.0,0.2098622970997769,0.0,0.25549915397631134,0.7297297297297298,1.0,0.0,1.0,0.0,1.0,1.0,0.0,1.0,0.0,0.0,1.0,0.0,1.0,0.0
0.0,0.07346718978382953,0.06466294293229305,0.2436548223350254,0.7297297297297298,1.0,0.0,1.0,0.0,1.0,1.0,0.0,1.0,0.0,1.0,0.0,0.0,0.0,1.0
0.0,0.10298228068825807,0.0,0.15059221658206431,0.7297297297297298,0.0,0.0,1.0,1.0,0.0,1.0,0.0,1.0,0.0,0.0,1.0,0.0,1.0,0.0
0.0,0.1500115393491807,0.0,0.22165820642978004,0.7297297297297298,1.0,0.0,1.0,1.0,0.0,1.0,0.0,1.0,0.0,1.0,0.0,0.0,0.0,1.0
0.0,0.10726466138420905,0.07243549960102846,0.17089678510998307,0.7297297297297298,1.0,0.0,1.0,0.0,1.0,1.0,0.0,1.0,0.0,0.0,0.0,1.0,1.0,0.0
0.5,0.08462189399184553,0.061441617164642255,0.25888324873096447,0.7297297297297298,1.0,0.0,1.0,0.0,1.0,1.0,0.0,0.0,1.0,0.0,1.0,0.0,0.0,1.0
0.5,0.06418442444290587,0.044330171114460505,0.17597292724196278,0.32432432432432434,0.0,0.0,1.0,0.0,1.0,0.0,1.0,1.0,0.0,1.0,0.0,0.0,1.0,0.0
1.0,0.13801061620124624,0.13736442356000828,0.25888324873096447,0.7297297297297298,1.0,0.0,1.0,1.0,0.0,1.0,0.0,1.0,0.0,1.0,0.0,0.0,0.0,1.0
1.0,0.41990409518680927,0.0299671956733753,0.23857868020304568,0.7297297297297298,1.0,0.0,1.0,0.0,1.0,1.0,0.0,0.0,1.0,1.0,0.0,0.0,0.0,1.0
1.0,0.1679616380747237,0.05171853296687059,0.3739424703891709,0.5945945945945945,1.0,0.0,1.0,0.0,1.0,1.0,0.0,1.0,0.0,0.0,1.0,0.0,0.0,1.0
0.5,0.4235454009282765,0.06649525667169075,0.13028764805414553,0.7297297297297298,1.0,0.0,1.0,0.0,1.0,1.0,0.0,0.0,1.0,0.0,1.0,0.0,0.0,1.0
0.0,0.10770059235325795,0.0,0.24534686971235192,0.7297297297297298,1.0,1.0,0.0,1.0,0.0,0.0,1.0,1.0,0.0,1.0,0.0,0.0,0.0,1.0
0.0,0.049567915480678,0.09309335934036705,0.20135363790186125,0.7297297297297298,1.0,0.0,1.0,0.0,1.0,1.0,0.0,1.0,0.0,0.0,1.0,0.0,0.0,1.0
0.0,0.2739441495499654,0.0,0.38071065989847713,0.7297297297297298,1.0,0.0,1.0,0.0,1.0,1.0,0.0,1.0,0.0,0.0,1.0,0.0,0.0,1.0
1.0,0.20983665410159758,0.0,0.4010152284263959,0.7297297297297298,1.0,0.0,1.0,0.0,1.0,1.0,0.0,1.0,0.0,0.0,1.0,0.0,0.0,1.0
0.5,0.04636254070825961,0.07199219788988385,0.20642978003384094,0.7297297297297298,1.0,0.0,1.0,0.0,1.0,0.0,1.0,1.0,0.0,1.0,0.0,0.0,0.0,1.0
1.0,0.0871092648152422,0.0,0.12013536379018612,0.7297297297297298,0.0,0.0,1.0,1.0,0.0,1.0,0.0,1.0,0.0,1.0,0.0,0.0,1.0,0.0
1.0,0.11367541092904583,0.06155983095428082,0.25549915397631134,0.7297297297297298,1.0,0.0,1.0,0.0,1.0,1.0,0.0,0.0,1.0,0.0,1.0,0.0,0.0,1.0
0.0,0.058594250839808196,0.0,0.11167512690355329,0.7297297297297298,1.0,0.0,1.0,1.0,0.0,1.0,0.0,1.0,0.0,0.0,0.0,1.0,1.0,0.0
0.0,0.09080185655306819,0.0,0.17089678510998307,0.7297297297297298,1.0,0.0,1.0,1.0,0.0,0.0,1.0,1.0,0.0,1.0,0.0,0.0,0.0,1.0
0.0,0.43882862784316745,0.0,0.36548223350253806,0.7297297297297298,1.0,1.0,0.0,1.0,0.0,0.0,1.0,0.0,1.0,0.0,1.0,0.0,0.0,1.0
0.0,0.08839141472420955,0.06374678606259421,0.18612521150592218,0.7297297297297298,0.0,0.0,1.0,0.0,1.0,1.0,0.0,1.0,0.0,1.0,0.0,0.0,1.0,0.0
0.5,0.08144216221760649,0.026982297485001625,0.16243654822335027,0.10810810810810811,1.0,1.0,0.0,0.0,1.0,1.0,0.0,1.0,0.0,0.0,1.0,0.0,0.0,1.0
0.0,0.06282534553940047,0.05024086059638857,0.1658206429780034,0.7297297297297298,1.0,0.0,1.0,0.0,1.0,0.0,1.0,1.0,0.0,1.0,0.0,0.0,0.0,1.0
0.5,0.07039003000230787,0.0,0.1455160744500846,0.7297297297297298,1.0,0.0,1.0,0.0,1.0,1.0,0.0,0.0,1.0,0.0,1.0,0.0,0.0,1.0
0.0,0.15726850783393595,0.13050802376097173,0.338409475465313,0.7297297297297298,0.0,0.0,1.0,1.0,0.0,1.0,0.0,1.0,0.0,1.0,0.0,0.0,1.0,0.0
0.0,0.012693284098776828,0.10884534680970535,0.17597292724196278,1.0,1.0,1.0,0.0,1.0,0.0,1.0,0.0,1.0,0.0,1.0,0.0,0.0,0.0,1.0
0.0,0.07715978152165552,0.0,0.15397631133671744,0.7297297297297298,1.0,1.0,0.0,1.0,0.0,1.0,0.0,1.0,0.0,0.0,1.0,0.0,0.0,1.0
1.0,0.12090673641562172,0.16620858823181725,0.33671742808798644,0.7297297297297298,1.0,0.0,1.0,0.0,1.0,1.0,0.0,1.0,0.0,0.0,1.0,0.0,0.0,1.0
0.0,0.09395594532912789,0.04382776250849662,0.19458544839255498,0.5945945945945945,1.0,0.0,1.0,0.0,1.0,0.0,1.0,1.0,0.0,0.0,1.0,0.0,0.0,1.0
1.0,0.08616047388260636,0.13050802376097173,0.39593908629441626,0.7297297297297298,1.0,0.0,1.0,0.0,1.0,1.0,0.0,1.0,0.0,1.0,0.0,0.0,0.0,1.0
0.0,0.05972254275969947,0.08904453704524633,0.30287648054145516,0.7297297297297298,1.0,0.0,1.0,0.0,1.0,1.0,0.0,0.0,1.0,0.0,0.0,1.0,0.0,1.0
0.5,0.33623099212759955,0.0,0.05245346869712352,0.7297297297297298,1.0,1.0,0.0,1.0,0.0,1.0,0.0,1.0,0.0,0.0,0.0,1.0,0.0,1.0
0.0,0.0884170577223889,0.03803528681620711,0.15397631133671744,0.7297297297297298,1.0,0.0,1.0,1.0,0.0,0.0,1.0,1.0,0.0,1.0,0.0,0.0,1.0,0.0
0.5,0.1516783342308383,0.05922510860891923,0.4077834179357022,0.7297297297297298,1.0,0.0,1.0,0.0,1.0,1.0,0.0,1.0,0.0,0.0,1.0,0.0,0.0,1.0
1.0,0.08033951329589456,0.06014126547861808,0.23519458544839256,0.7297297297297298,1.0,0.0,1.0,0.0,1.0,1.0,0.0,1.0,0.0,0.0,0.0,1.0,0.0,1.0
0.0,0.05077313639510732,0.19700328043266246,0.10321489001692047,0.32432432432432434,1.0,0.0,1.0,0.0,1.0,1.0,0.0,1.0,0.0,0.0,1.0,0.0,1.0,0.0
0.0,0.14526758468600148,0.10834293820374147,0.5109983079526226,0.7297297297297298,1.0,0.0,1.0,1.0,0.0,1.0,0.0,1.0,0.0,1.0,0.0,0.0,1.0,0.0
1.0,0.04823447957535195,0.048231226172533025,0.17597292724196278,1.0,1.0,1.0,0.0,0.0,1.0,1.0,0.0,1.0,0.0,0.0,1.0,0.0,0.0,1.0
0.0,0.11623971074698054,0.05659485178946124,0.29780033840947545,0.7297297297297298,1.0,0.0,1.0,1.0,0.0,1.0,0.0,1.0,0.0,0.0,1.0,0.0,1.0,0.0
0.0,0.08333974408287817,0.0,0.1455160744500846,0.7297297297297298,1.0,1.0,0.0,1.0,0.0,0.0,1.0,1.0,0.0,1.0,0.0,0.0,1.0,0.0
1.0,0.052363002282226845,0.051482105387593464,0.06091370558375634,0.7297297297297298,1.0,0.0,1.0,0.0,1.0,0.0,1.0,1.0,0.0,0.0,1.0,0.0,0.0,1.0
0.0,0.06026104572146576,0.0,0.07783417935702198,0.7297297297297298,1.0,0.0,1.0,1.0,0.0,1.0,0.0,1.0,0.0,0.0,1.0,0.0,0.0,1.0
1.0,0.19996409980254892,0.21178000413748263,0.7969543147208121,0.7297297297297298,1.0,0.0,1.0,0.0,1.0,1.0,0.0,0.0,1.0,1.0,0.0,0.0,0.0,1.0
1.0,0.4449060184116727,0.0,0.6615905245346869,0.7297297297297298,1.0,0.0,1.0,0.0,1.0,1.0,0.0,0.0,1.0,1.0,0.0,0.0,0.0,1.0
0.0,0.09295586840013335,0.0,0.17089678510998307,0.7297297297297298,1.0,0.0,1.0,0.0,1.0,1.0,0.0,1.0,0.0,0.0,1.0,0.0,0.0,1.0
0.5,0.1316767956509475,0.04226142979578568,0.2571912013536379,0.7297297297297298,0.0,0.0,1.0,0.0,1.0,0.0,1.0,1.0,0.0,0.0,1.0,0.0,0.0,1.0
0.5,0.0648511423955689,0.03847858852735172,0.14382402707275804,0.7297297297297298,1.0,0.0,1.0,1.0,0.0,0.0,1.0,1.0,0.0,0.0,1.0,0.0,0.0,1.0
0.0,0.1700900069236095,0.0,0.20473773265651438,0.7297297297297298,1.0,0.0,1.0,1.0,0.0,0.0,1.0,1.0,0.0,0.0,1.0,0.0,0.0,1.0
1.0,0.08816062774059544,0.0,0.17089678510998307,0.7297297297297298,0.0,0.0,1.0,1.0,0.0,1.0,0.0,1.0,0.0,1.0,0.0,0.0,1.0,0.0
0.0,0.15342205810703388,0.11543576558205515,0.532994923857868,0.7297297297297298,1.0,0.0,1.0,0.0,1.0,1.0,0.0,1.0,0.0,0.0,0.0,1.0,0.0,1.0
1.0,0.0889042746877965,0.0,0.1658206429780034,0.7297297297297298,1.0,0.0,1.0,1.0,0.0,1.0,0.0,1.0,0.0,0.0,1.0,0.0,0.0,1.0
0.0,0.07095417596225351,0.01584064781156722,0.09644670050761421,0.7297297297297298,1.0,0.0,1.0,0.0,1.0,0.0,1.0,1.0,0.0,1.0,0.0,0.0,1.0,0.0
0.5,0.11431648588352951,0.08407955788042676,0.22165820642978004,0.32432432432432434,1.0,1.0,0.0,0.0,1.0,1.0,0.0,1.0,0.0,0.0,1.0,0.0,0.0,1.0
0.0,0.0509782803805421,0.0,0.15228426395939088,0.7297297297297298,0.0,1.0,0.0,1.0,0.0,1.0,0.0,1.0,0.0,0.0,1.0,0.0,1.0,0.0
0.5,0.053568223196656155,0.0745929012619322,0.20135363790186125,0.7297297297297298,1.0,0.0,1.0,0.0,1.0,0.0,1.0,1.0,0.0,0.0,0.0,1.0,0.0,1.0
0.0,0.06713336923353079,0.05762922244879865,0.2470389170896785,0.7297297297297298,1.0,0.0,1.0,0.0,1.0,1.0,0.0,1.0,0.0,1.0,0.0,0.0,0.0,1.0
0.0,0.0822627381593456,0.0,0.12013536379018612,0.0,1.0,0.0,1.0,1.0,0.0,0.0,1.0,1.0,0.0,0.0,1.0,0.0,1.0,0.0
0.0,0.060927763674128776,0.052693796731388715,0.23011844331641287,0.7297297297297298,1.0,0.0,1.0,1.0,0.0,1.0,0.0,1.0,0.0,1.0,0.0,0.0,0.0,1.0
0.0,0.12436854116983359,0.0,0.15905245346869712,0.7297297297297298,0.0,1.0,0.0,1.0,0.0,1.0,0.0,1.0,0.0,0.0,1.0,0.0,1.0,0.0
0.0,0.06756930020257969,0.05957974997783492,0.17089678510998307,0.7297297297297298,1.0,0.0,1.0,0.0,1.0,1.0,0.0,1.0,0.0,1.0,0.0,0.0,0.0,1.0
0.5,0.08162166320486192,0.0960487040813311,0.2521150592216582,0.7297297297297298,1.0,0.0,1.0,0.0,1.0,1.0,0.0,1.0,0.0,0.0,0.0,1.0,0.0,1.0
0.0,0.059081467805215795,0.0689481928066909,0.2910321489001692,0.7297297297297298,0.0,0.0,1.0,0.0,1.0,0.0,1.0,1.0,0.0,0.0,0.0,1.0,1.0,0.0
0.0,0.08828884273149216,0.12607500664952567,0.20812182741116753,0.32432432432432434,0.0,0.0,1.0,0.0,1.0,1.0,0.0,1.0,0.0,1.0,0.0,0.0,1.0,0.0
0.5,0.13636946431776803,0.030499157726748827,0.028764805414551606,0.7297297297297298,1.0,0.0,1.0,0.0,1.0,1.0,0.0,1.0,0.0,0.0,1.0,0.0,0.0,1.0
0.0,0.09582788419622022,0.07887815113633005,0.25888324873096447,0.7297297297297298,1.0,0.0,1.0,0.0,1.0,1.0,0.0,1.0,0.0,0.0,1.0,0.0,0.0,1.0
0.0,0.10334128266276894,0.06815024972663061,0.2927241962774958,0.7297297297297298,1.0,1.0,0.0,0.0,1.0,1.0,0.0,1.0,0.0,0.0,1.0,0.0,0.0,1.0
1.0,0.09039156858219864,0.007151934273132961,0.16751269035532995,0.7297297297297298,1.0,0.0,1.0,0.0,1.0,0.0,1.0,1.0,0.0,0.0,1.0,0.0,0.0,1.0
0.0,0.14803702848937098,0.060702780979401245,0.34179357021996615,0.7297297297297298,1.0,0.0,1.0,0.0,1.0,1.0,0.0,1.0,0.0,1.0,0.0,0.0,0.0,1.0
0.0,0.1448829397133113,0.0,0.20812182741116753,0.7297297297297298,1.0,0.0,1.0,1.0,0.0,0.0,1.0,0.0,1.0,0.0,1.0,0.0,0.0,1.0
1.0,0.22178629125317334,0.0,0.4213197969543147,0.7297297297297298,0.0,0.0,1.0,0.0,1.0,1.0,0.0,1.0,0.0,0.0,0.0,1.0,1.0,0.0
0.0,0.08162166320486192,0.0,0.10321489001692047,0.7297297297297298,1.0,0.0,1.0,1.0,0.0,1.0,0.0,1.0,0.0,0.0,0.0,1.0,0.0,1.0
0.0,0.05713259994358541,0.0,0.0,0.7297297297297298,1.0,1.0,0.0,1.0,0.0,1.0,0.0,1.0,0.0,0.0,0.0,1.0,1.0,0.0
0.0,0.07733928250891095,0.060998315453497653,0.16074450084602368,0.7297297297297298,0.0,0.0,1.0,0.0,1.0,1.0,0.0,1.0,0.0,0.0,0.0,1.0,1.0,0.0
0.5,0.08377567505192708,0.05171853296687059,0.29949238578680204,0.7297297297297298,1.0,0.0,1.0,0.0,1.0,1.0,0.0,1.0,0.0,0.0,0.0,1.0,0.0,1.0
1.0,0.4235197579300972,0.0,0.4500846023688663,0.7297297297297298,1.0,0.0,1.0,0.0,1.0,1.0,0.0,1.0,0.0,0.0,0.0,1.0,0.0,1.0
1.0,0.1532169141215991,0.04802435204066555,0.3011844331641286,1.0,1.0,0.0,1.0,0.0,1.0,0.0,1.0,1.0,0.0,0.0,1.0,0.0,1.0,0.0
1.0,0.07715978152165552,0.013624139255844195,0.16751269035532995,0.10810810810810811,1.0,0.0,1.0,0.0,1.0,1.0,0.0,1.0,0.0,0.0,0.0,1.0,0.0,1.0
0.0,0.07895479139420981,0.08094689245500487,0.17089678510998307,0.7297297297297298,1.0,0.0,1.0,1.0,0.0,1.0,0.0,1.0,0.0,0.0,0.0,1.0,0.0,1.0
0.5,0.04184937302869452,0.06596329461831722,0.1658206429780034,0.7297297297297298,1.0,0.0,1.0,0.0,1.0,1.0,0.0,1.0,0.0,1.0,0.0,0.0,0.0,1.0
1.0,0.16385875836602817,0.0,0.3316412859560068,0.7297297297297298,1.0,0.0,1.0,0.0,1.0,1.0,0.0,1.0,0.0,0.0,1.0,0.0,0.0,1.0
0.0,0.04323409493037926,1.0,0.13705583756345177,0.7297297297297298,1.0,0.0,1.0,1.0,0.0,1.0,0.0,1.0,0.0,0.0,0.0,1.0,1.0,0.0
0.0,0.07733928250891095,0.0,0.04568527918781726,0.7297297297297298,1.0,1.0,0.0,0.0,1.0,1.0,0.0,1.0,0.0,0.0,1.0,0.0,0.0,1.0
0.5,0.06762058619893839,0.056653958684280525,0.23181049069373943,0.7297297297297298,0.0,0.0,1.0,0.0,1.0,1.0,0.0,1.0,0.0,1.0,0.0,0.0,1.0,0.0
0.5,0.1059825114752417,0.08866034222892101,0.27580372250423013,0.10810810810810811,1.0,0.0,1.0,0.0,1.0,1.0,0.0,1.0,0.0,1.0,0.0,0.0,1.0,0.0
0.0,0.05505551709105829,0.04498034695747259,0.16074450084602368,0.7297297297297298,1.0,0.0,1.0,0.0,1.0,1.0,0.0,1.0,0.0,0.0,0.0,1.0,0.0,1.0
0.0,0.05167064133138447,0.0,0.10321489001692047,0.7297297297297298,1.0,1.0,0.0,1.0,0.0,0.0,1.0,1.0,0.0,0.0,1.0,0.0,0.0,1.0
1.0,0.06605636330999821,0.0,0.16412859560067683,0.7297297297297298,0.0,0.0,1.0,0.0,1.0,1.0,0.0,0.0,1.0,0.0,1.0,0.0,1.0,0.0
0.0,0.07308254481113932,0.10095457635133138,0.07952622673434856,0.32432432432432434,1.0,0.0,1.0,0.0,1.0,1.0,0.0,1.0,0.0,0.0,1.0,0.0,0.0,1.0
1.0,0.1500115393491807,0.0,0.3316412859560068,0.4594594594594595,1.0,0.0,1.0,0.0,1.0,1.0,0.0,0.0,1.0,0.0,1.0,0.0,1.0,0.0
0.0,0.0951098802471985,0.0975263764518131,0.22504230118443316,0.32432432432432434,1.0,0.0,1.0,0.0,1.0,1.0,0.0,1.0,0.0,1.0,0.0,0.0,0.0,1.0
0.0,0.40951868092417365,0.0,0.42470389170896783,0.7297297297297298,1.0,0.0,1.0,0.0,1.0,1.0,0.0,0.0,1.0,0.0,0.0,1.0,0.0,1.0
0.0,0.09444316229453548,0.0,0.17089678510998307,0.7297297297297298,1.0,0.0,1.0,1.0,0.0,0.0,1.0,1.0,0.0,1.0,0.0,0.0,0.0,1.0
1.0,0.15983280765187066,0.029553447409640336,0.3011844331641286,0.7297297297297298,1.0,0.0,1.0,0.0,1.0,0.0,1.0,0.0,1.0,1.0,0.0,0.0,1.0,0.0
0.0,0.2516347411339334,0.0,0.2893401015228426,0.7297297297297298,1.0,0.0,1.0,0.0,1.0,1.0,0.0,0.0,1.0,1.0,0.0,0.0,0.0,1.0
1.0,0.14437007974972435,0.0,0.3096446700507614,0.7297297297297298,1.0,0.0,1.0,0.0,1.0,1.0,0.0,1.0,0.0,0.0,0.0,1.0,0.0,1.0
0.0,0.09041721158037798,0.12710937730886307,0.27580372250423013,0.7297297297297298,1.0,0.0,1.0,1.0,0.0,1.0,0.0,1.0,0.0,1.0,0.0,0.0,0.0,1.0
0.5,0.3038695284252635,0.0,0.8240270727580371,0.7297297297297298,1.0,1.0,0.0,0.0,1.0,1.0,0.0,1.0,0.0,0.0,1.0,0.0,0.0,1.0
0.5,0.08333974408287817,0.07388361852410084,0.27749576988155666,0.7297297297297298,1.0,0.0,1.0,0.0,1.0,1.0,0.0,1.0,0.0,0.0,1.0,0.0,0.0,1.0
1.0,0.09839218401415493,0.04169991429500251,0.25042301184433163,0.7297297297297298,1.0,0.0,1.0,0.0,1.0,0.0,1.0,1.0,0.0,1.0,0.0,0.0,0.0,1.0
0.0,0.07903172038874785,0.05762922244879865,0.16751269035532995,0.7297297297297298,1.0,0.0,1.0,0.0,1.0,1.0,0.0,1.0,0.0,1.0,0.0,0.0,0.0,1.0
0.0,0.07051824499320461,0.0,0.10490693739424703,0.7297297297297298,1.0,1.0,0.0,1.0,0.0,1.0,0.0,1.0,0.0,1.0,0.0,0.0,0.0,1.0
0.5,0.20314383157678798,0.00709282737831368,0.4128595600676819,0.7297297297297298,1.0,0.0,1.0,0.0,1.0,1.0,0.0,1.0,0.0,0.0,0.0,1.0,0.0,1.0
1.0,0.19060440546708723,0.0,0.3011844331641286,0.7297297297297298,1.0,0.0,1.0,0.0,1.0,1.0,0.0,1.0,0.0,0.0,0.0,1.0,0.0,1.0
0.0,0.11367541092904583,0.0,0.2098138747884941,0.7297297297297298,0.0,1.0,0.0,1.0,0.0,1.0,0.0,0.0,1.0,0.0,1.0,0.0,1.0,0.0
